{"model_name": "LR Best", "model_uid": "129e29dcc6614fd8a559e1f0eea22db9", "training_time": "21:25:39", "training_date": "2023-11-04", "classification_report": {"0": {"precision": 0.8181818181818182, "recall": 0.5625, "f1-score": 0.6666666666666666, "support": 16}, "1": {"precision": 0.9278350515463918, "recall": 0.9183673469387755, "f1-score": 0.923076923076923, "support": 98}, "2": {"precision": 0.8711217183770883, "recall": 0.9217171717171717, "f1-score": 0.8957055214723926, "support": 396}, "3": {"precision": 0.6956521739130435, "recall": 0.34782608695652173, "f1-score": 0.46376811594202894, "support": 46}, "4": {"precision": 0.7386363636363636, "recall": 0.7831325301204819, "f1-score": 0.7602339181286549, "support": 83}, "5": {"precision": 0.7797619047619048, "recall": 0.7844311377245509, "f1-score": 0.7820895522388059, "support": 167}, "accuracy": 0.8387096774193549, "macro avg": {"precision": 0.8051981717361018, "recall": 0.7196623789095836, "f1-score": 0.7485901162542453, "support": 806}, "weighted avg": {"precision": 0.8343796537181623, "recall": 0.8387096774193549, "f1-score": 0.8323440389493361, "support": 806}}}